Galaxy,Supernova,Ra,Dec,ESO_xCoord,ESO_yCoord,Type,ESO_Intensity,MUSE_xCoord,MUSE_yCoord,MUSE_Intensity,ESO-MPG_Hasub_wcomb_corr,MUSEResolution,MUSEmap,Removed,InMuseSample
NGC0628,SN2019krl,24.2067875,15.77946388888889,2011.0536442066714,2428.5985142409477,IIn/LBV,2.2089531,137.18487193542887,680.6496794953687,447.33069091690675,/home/mayker.1/Desktop/SNeHaLargeData/HaSUB_wcomb_corr/NGC0628_Hasub_flux_corrs.fits,0.92,/data/fourier/sun.1608/PHANGS/MUSE/DR2.1/MUSEDAP/copt/NGC0628-0.92asec_MAPS.fits,True,False
NGC0628,SN2013ej,24.200666666666667,15.758611111111112,2100.1951571946192,2112.559714338542,II,0.09700711,243.19103784243157,305.29329959411643,nan,/home/mayker.1/Desktop/SNeHaLargeData/HaSUB_wcomb_corr/NGC0628_Hasub_flux_corrs.fits,0.92,/data/fourier/sun.1608/PHANGS/MUSE/DR2.1/MUSEDAP/copt/NGC0628-0.92asec_MAPS.fits,False,False
NGC0628,SN2003gd,24.17770555555555,15.738966666666665,2434.990386106029,1814.759548435055,II,0.55219537,,,,/home/mayker.1/Desktop/SNeHaLargeData/HaSUB_wcomb_corr/NGC0628_Hasub_flux_corrs.fits,0.92,/data/fourier/sun.1608/PHANGS/MUSE/DR2.1/MUSEDAP/copt/NGC0628-0.92asec_MAPS.fits,False,False
NGC0628,SN2002ap,24.09940416666667,15.753649074074074,3577.0564594599123,2037.1622175556208,Ic,-0.17532486,,,,/home/mayker.1/Desktop/SNeHaLargeData/HaSUB_wcomb_corr/NGC0628_Hasub_flux_corrs.fits,0.92,/data/fourier/sun.1608/PHANGS/MUSE/DR2.1/MUSEDAP/copt/NGC0628-0.92asec_MAPS.fits,False,False
NGC0628,PS15blm,24.258708333333335,15.777000000000001,1253.8697326978763,2391.66186884759,unclassified,6.3913784,,,,/home/mayker.1/Desktop/SNeHaLargeData/HaSUB_wcomb_corr/NGC0628_Hasub_flux_corrs.fits,0.92,/data/fourier/sun.1608/PHANGS/MUSE/DR2.1/MUSEDAP/copt/NGC0628-0.92asec_MAPS.fits,False,False
NGC1087,SN1995V,41.61152777777777,-0.4987861111111111,648.7610232419815,747.9909198104285,II,5.0002465,183.09993631014947,450.72004174402633,2663.371834437333,/home/mayker.1/Desktop/SNeHaLargeData/HaSUB_wcomb_corr/NGC1087_Hasub_flux_corrs.fits,0.92,/data/fourier/sun.1608/PHANGS/MUSE/DR2.1/MUSEDAP/copt/NGC1087-0.92asec_MAPS.fits,False,True
NGC1300,LSQ14dtr,49.96679166666666,-19.478694444444443,841.190251571016,472.6653386793862,Ia,-0.06859025,,,,/home/mayker.1/Desktop/SNeHaLargeData/HaSUB_wcomb_corr/NGC1300_Hasub_flux_corrs.fits,0.89,/data/fourier/sun.1608/PHANGS/MUSE/DR2.1/MUSEDAP/copt/NGC1300-0.89asec_MAPS.fits,False,False
NGC1365,SN2012fr,53.40057916666666,-36.12676944444445,3041.428195030292,3237.1579264657776,Ia,0.36029622,756.0731074267953,702.5736600562143,69.29969489043229,/home/mayker.1/Desktop/SNeHaLargeData/HaSUB_wcomb_corr/NGC1365_Hasub_flux_corrs.fits,1.15,/data/fourier/sun.1608/PHANGS/MUSE/DR2.1/MUSEDAP/copt/NGC1365-1.15asec_MAPS.fits,False,True
NGC1365,SN2001du,53.3713125,-36.142111111111106,3399.846121958709,3004.9164893583365,II,1.5359482,1181.490382249507,426.35406918108174,929.5770449215998,/home/mayker.1/Desktop/SNeHaLargeData/HaSUB_wcomb_corr/NGC1365_Hasub_flux_corrs.fits,1.15,/data/fourier/sun.1608/PHANGS/MUSE/DR2.1/MUSEDAP/copt/NGC1365-1.15asec_MAPS.fits,False,True
NGC1365,SN1983V,53.381876388888884,-36.14859166666667,3270.6237389153885,2906.610095778981,Ic,9.090737,1027.9095105186898,309.74396493992725,5743.3576143866185,/home/mayker.1/Desktop/SNeHaLargeData/HaSUB_wcomb_corr/NGC1365_Hasub_flux_corrs.fits,1.15,/data/fourier/sun.1608/PHANGS/MUSE/DR2.1/MUSEDAP/copt/NGC1365-1.15asec_MAPS.fits,False,True
NGC1365,SN1957C,53.38349999999999,-36.11770833333333,3250.4029666345923,3374.662468105187,unclassified,2.834359,1004.4155369313344,865.6486483514018,1697.5272118916866,/home/mayker.1/Desktop/SNeHaLargeData/HaSUB_wcomb_corr/NGC1365_Hasub_flux_corrs.fits,1.15,/data/fourier/sun.1608/PHANGS/MUSE/DR2.1/MUSEDAP/copt/NGC1365-1.15asec_MAPS.fits,False,True
NGC1433,SN1985P,55.52640625,-47.209987222222225,1352.5400394712622,1741.4226110685222,II,0.4982906,495.96858214324016,663.2932425397541,162.95929157157056,/home/mayker.1/Desktop/SNeHaLargeData/HaSUB_wcomb_corr/NGC1433_Hasub_flux_corrs.fits,0.91,/data/fourier/sun.1608/PHANGS/MUSE/DR2.1/MUSEDAP/copt/NGC1433-0.91asec_MAPS.fits,False,True
NGC1512,SN2010iv,60.967625,-43.42736111111111,2213.9430396249854,933.5173361718096,Ia,-0.29800403,,,,/home/mayker.1/Desktop/SNeHaLargeData/HaSUB_wcomb_corr/NGC1512_Hasub_flux_corrs.fits,1.25,/data/fourier/sun.1608/PHANGS/MUSE/DR2.1/MUSEDAP/copt/NGC1512-1.25asec_MAPS.fits,False,False
NGC1566,ASASSN-14ha,65.0058875,-54.93807777777778,1784.358147614364,1820.201410151274,II,6.804637,408.4277260277734,443.3346781401191,2555.621138465285,/home/mayker.1/Desktop/SNeHaLargeData/HaSUB_wcomb_corr/NGC1566_Hasub_flux_corrs.fits,0.8,/data/fourier/sun.1608/PHANGS/MUSE/DR2.1/MUSEDAP/copt/NGC1566-0.80asec_MAPS.fits,False,True
NGC1566,SN2010el,64.99512499999999,-54.94402777777778,1878.2016797593258,1730.1936145042084,Ia-02cx,1.4372302,519.7049761982305,336.2325473296041,245.39166052538326,/home/mayker.1/Desktop/SNeHaLargeData/HaSUB_wcomb_corr/NGC1566_Hasub_flux_corrs.fits,0.8,/data/fourier/sun.1608/PHANGS/MUSE/DR2.1/MUSEDAP/copt/NGC1566-0.80asec_MAPS.fits,False,True
NGC1566,SN2021aefx,64.97216666666667,-54.94794444444444,2078.118081648168,1671.1349237036018,Ia,0.25474524,757.036128912199,265.6708272991185,121.10521154138465,/home/mayker.1/Desktop/SNeHaLargeData/HaSUB_wcomb_corr/NGC1566_Hasub_flux_corrs.fits,0.8,/data/fourier/sun.1608/PHANGS/MUSE/DR2.1/MUSEDAP/copt/NGC1566-0.80asec_MAPS.fits,False,True
NGC1566,Gaia21fml,64.9725,-54.9481,2075.2200334502104,1668.7737200842032,Ia,0.17611548,753.589032385391,262.87228040214933,99.65209663041514,/home/mayker.1/Desktop/SNeHaLargeData/HaSUB_wcomb_corr/NGC1566_Hasub_flux_corrs.fits,0.8,/data/fourier/sun.1608/PHANGS/MUSE/DR2.1/MUSEDAP/copt/NGC1566-0.80asec_MAPS.fits,True,False
NGC1672,SN2017gax,71.45607916666667,-59.24512777777778,1325.5313783823747,1582.5485238765305,Ib/c,3.7043326,350.8858701802221,357.13636927944447,15795.423284253668,/home/mayker.1/Desktop/SNeHaLargeData/HaSUB_wcomb_corr/NGC1672_Hasub_flux_corrs.fits,0.96,/data/fourier/sun.1608/PHANGS/MUSE/DR2.1/MUSEDAP/copt/NGC1672-0.96asec_MAPS.fits,False,True
NGC2997,SN2003jg,146.40863888888887,-31.18906574074074,2623.262390462148,2615.5093772359564,Ic,6.9804115,,,,/home/mayker.1/Desktop/SNeHaLargeData/HaSUB_wcomb_corr/NGC2997_Hasub_flux_corrs.fits,,,False,False
NGC2997,SN2008eh,146.45066875,-31.17913888888889,2078.3147131935048,2765.563302236052,unclassified,5.7194624,,,,/home/mayker.1/Desktop/SNeHaLargeData/HaSUB_wcomb_corr/NGC2997_Hasub_flux_corrs.fits,,,False,False
NGC3351,SN2012aw,160.97392395833333,11.671605555555555,2069.258312253355,1335.4669748412693,II,1.906409,,,,/home/mayker.1/Desktop/SNeHaLargeData/HaSUB_wcomb_corr/NGC3351_Hasub_flux_corrs.fits,1.05,/data/fourier/sun.1608/PHANGS/MUSE/DR2.1/MUSEDAP/copt/NGC3351-1.05asec_MAPS.fits,False,False
NGC3627,AT2020cwh,170.08333333333334,12.990277777777777,2283.522151515239,2572.384298028684,Candidate,1.3143904,,,,/home/mayker.1/Desktop/SNeHaLargeData/HaSUB_wcomb_corr/NGC3627_Hasub_flux_corrs.fits,1.05,/data/fourier/sun.1608/PHANGS/MUSE/DR2.1/MUSEDAP/copt/NGC3627-1.05asec_MAPS.fits,True,False
NGC3627,SN2016cok,170.07957933333336,12.98244948888889,2338.933063641686,2453.716095459217,II,1.5813267,35.22446584878894,612.6190565104579,1469.2646544555248,/home/mayker.1/Desktop/SNeHaLargeData/HaSUB_wcomb_corr/NGC3627_Hasub_flux_corrs.fits,1.05,/data/fourier/sun.1608/PHANGS/MUSE/DR2.1/MUSEDAP/copt/NGC3627-1.05asec_MAPS.fits,False,True
NGC3627,SN1997bs,170.0592513888889,12.972107407407407,2639.1356968117097,2296.8926223923463,IIn,0.56176686,391.78429538499654,426.4659291754927,433.3893373431311,/home/mayker.1/Desktop/SNeHaLargeData/HaSUB_wcomb_corr/NGC3627_Hasub_flux_corrs.fits,1.05,/data/fourier/sun.1608/PHANGS/MUSE/DR2.1/MUSEDAP/copt/NGC3627-1.05asec_MAPS.fits,True,False
NGC3627,SN1989B,170.05796666666666,13.005307777777778,2658.204081772782,2800.104247260491,Ia,10.167958,414.2849951877572,1024.0738589819898,5377.5428576474815,/home/mayker.1/Desktop/SNeHaLargeData/HaSUB_wcomb_corr/NGC3627_Hasub_flux_corrs.fits,1.05,/data/fourier/sun.1608/PHANGS/MUSE/DR2.1/MUSEDAP/copt/NGC3627-1.05asec_MAPS.fits,False,True
NGC3627,SN1973R,170.04809375,12.997739999999999,2803.991407342808,2685.375485501077,II,5.696825,587.4521147321097,887.8671026668799,3641.8359165311044,/home/mayker.1/Desktop/SNeHaLargeData/HaSUB_wcomb_corr/NGC3627_Hasub_flux_corrs.fits,1.05,/data/fourier/sun.1608/PHANGS/MUSE/DR2.1/MUSEDAP/copt/NGC3627-1.05asec_MAPS.fits,False,True
NGC3627,SN2009hd,170.07072916666667,12.979569444444444,2469.6348781647,2410.0302946169386,II,18.46779,190.45587764988682,560.7766574315502,11157.405782696505,/home/mayker.1/Desktop/SNeHaLargeData/HaSUB_wcomb_corr/NGC3627_Hasub_flux_corrs.fits,1.05,/data/fourier/sun.1608/PHANGS/MUSE/DR2.1/MUSEDAP/copt/NGC3627-1.05asec_MAPS.fits,False,True
NGC4254,SN1986I,184.71690625,14.412266111111112,1120.1514656688873,1206.0388438495024,II,2.8731003,409.5267720414427,399.87155811972843,2744.9076906747837,/home/mayker.1/Desktop/SNeHaLargeData/HaSUB_wcomb_corr/NGC4254_Hasub_flux_corrs.fits,0.89,/data/fourier/sun.1608/PHANGS/MUSE/DR2.1/MUSEDAP/copt/NGC4254-0.89asec_MAPS.fits,False,True
NGC4254,SN2014L,184.70291666666668,14.412069444444445,1325.5059497720808,1202.988690669932,Ic,14.57876,653.4148767302103,396.3356702200167,8791.528186480513,/home/mayker.1/Desktop/SNeHaLargeData/HaSUB_wcomb_corr/NGC4254_Hasub_flux_corrs.fits,0.89,/data/fourier/sun.1608/PHANGS/MUSE/DR2.1/MUSEDAP/copt/NGC4254-0.89asec_MAPS.fits,False,True
NGC4254,SN1972Q,184.71066666666667,14.44432638888889,1211.9077300925737,1691.9176842311322,II,2.6499472,518.296948155805,976.9566086465038,1588.343437618811,/home/mayker.1/Desktop/SNeHaLargeData/HaSUB_wcomb_corr/NGC4254_Hasub_flux_corrs.fits,0.89,/data/fourier/sun.1608/PHANGS/MUSE/DR2.1/MUSEDAP/copt/NGC4254-0.89asec_MAPS.fits,False,True
NGC4254,SN1967H,184.71836111111114,14.41404861111111,1098.8053468831708,1233.0626416018913,II,4.683056,384.16403203686525,431.95698142915336,3269.1013084182046,/home/mayker.1/Desktop/SNeHaLargeData/HaSUB_wcomb_corr/NGC4254_Hasub_flux_corrs.fits,0.89,/data/fourier/sun.1608/PHANGS/MUSE/DR2.1/MUSEDAP/copt/NGC4254-0.89asec_MAPS.fits,False,True
NGC4293,CSS140424:122130+181827,185.37375,18.307583333333334,560.036113983268,436.3317315670049,unclassified,0.33938006,,,,/home/mayker.1/Desktop/SNeHaLargeData/HaSUB_wcomb_corr/NGC4293_Hasub_flux_corrs.fits,,,False,False
NGC4298,SN1986E,185.421771875,14.631968333333333,441.48675435213795,1349.9210369705856,II,1.2903631,,,,/home/mayker.1/Desktop/SNeHaLargeData/HaSUB_wcomb_corr/NGC4298_Hasub_flux_corrs.fits,,,False,False
NGC4303,SN2008in,185.50737708333335,4.479861111111111,1305.3668645022485,1828.3010316558198,II,-0.030165413,,,,/home/mayker.1/Desktop/SNeHaLargeData/HaSUB_wcomb_corr/NGC4303_Hasub_flux_corrs.fits,0.78,/data/fourier/sun.1608/PHANGS/MUSE/DR2.1/MUSEDAP/copt/NGC4303-0.78asec_MAPS.fits,False,False
NGC4303,SN2014dt,185.48991666666666,4.471777777777778,1569.1902311785852,1705.7597160581522,Ia,1.4960612,251.3033408109328,414.26179134572914,570.776247869652,/home/mayker.1/Desktop/SNeHaLargeData/HaSUB_wcomb_corr/NGC4303_Hasub_flux_corrs.fits,0.78,/data/fourier/sun.1608/PHANGS/MUSE/DR2.1/MUSEDAP/copt/NGC4303-0.78asec_MAPS.fits,False,True
NGC4303,SN2006ov,185.48041875,4.487970833333334,1712.7247760933537,1951.1822546147441,II,3.713479,421.7460350612337,705.7353297785496,2040.6701510337875,/home/mayker.1/Desktop/SNeHaLargeData/HaSUB_wcomb_corr/NGC4303_Hasub_flux_corrs.fits,0.78,/data/fourier/sun.1608/PHANGS/MUSE/DR2.1/MUSEDAP/copt/NGC4303-0.78asec_MAPS.fits,False,True
NGC4303,SN2020jfo,185.46016458333332,4.481692777777778,2018.7649994454446,1856.0107931633647,II,1.240527,785.2060659857477,592.7345636458164,865.0687970124817,/home/mayker.1/Desktop/SNeHaLargeData/HaSUB_wcomb_corr/NGC4303_Hasub_flux_corrs.fits,0.78,/data/fourier/sun.1608/PHANGS/MUSE/DR2.1/MUSEDAP/copt/NGC4303-0.78asec_MAPS.fits,False,True
NGC4303,AT2021ilb,185.47135,4.469083333333334,1849.7396508748284,1664.9015526849198,Candidate,3.892858,584.486487082436,365.760978657737,2437.537010823405,/home/mayker.1/Desktop/SNeHaLargeData/HaSUB_wcomb_corr/NGC4303_Hasub_flux_corrs.fits,0.78,/data/fourier/sun.1608/PHANGS/MUSE/DR2.1/MUSEDAP/copt/NGC4303-0.78asec_MAPS.fits,True,False
NGC4303,SN1926A,185.47536458333335,4.493354166666666,1789.0989892241728,2032.7709223860497,II,1.4890964,512.4416302807093,802.6354563728569,647.2625920776151,/home/mayker.1/Desktop/SNeHaLargeData/HaSUB_wcomb_corr/NGC4303_Hasub_flux_corrs.fits,0.78,/data/fourier/sun.1608/PHANGS/MUSE/DR2.1/MUSEDAP/copt/NGC4303-0.78asec_MAPS.fits,False,True
NGC4303,SN1999gn,185.48760972222217,4.462676851851852,1604.0388932877806,1567.8170657893593,II,16.408014,292.699978860906,250.4445615237772,7414.512763734314,/home/mayker.1/Desktop/SNeHaLargeData/HaSUB_wcomb_corr/NGC4303_Hasub_flux_corrs.fits,0.78,/data/fourier/sun.1608/PHANGS/MUSE/DR2.1/MUSEDAP/copt/NGC4303-0.78asec_MAPS.fits,False,True
NGC4303,SN1964F,185.4698125,4.473770833333334,1872.9758347319894,1735.947240139135,II,0.684507,612.0763054158263,450.1362898317239,230.26304785184644,/home/mayker.1/Desktop/SNeHaLargeData/HaSUB_wcomb_corr/NGC4303_Hasub_flux_corrs.fits,0.78,/data/fourier/sun.1608/PHANGS/MUSE/DR2.1/MUSEDAP/copt/NGC4303-0.78asec_MAPS.fits,False,True
NGC4303,SN1961I,185.50184583333336,4.47037962962963,1388.932450764719,1684.5845631357997,II,5.416203,37.23118614092817,389.100086260563,2503.507698096323,/home/mayker.1/Desktop/SNeHaLargeData/HaSUB_wcomb_corr/NGC4303_Hasub_flux_corrs.fits,0.78,/data/fourier/sun.1608/PHANGS/MUSE/DR2.1/MUSEDAP/copt/NGC4303-0.78asec_MAPS.fits,False,True
NGC4321,SN1901B,185.6970833333333,15.82375,1999.025186668254,1557.4202813738416,I,0.9168733,1135.1351509168808,480.2301246432617,830.4634374296642,/home/mayker.1/Desktop/SNeHaLargeData/HaSUB_wcomb_corr/NGC4321_Hasub_flux_corrs.fits,1.16,/data/fourier/sun.1608/PHANGS/MUSE/DR2.1/MUSEDAP/copt/NGC4321-1.16asec_MAPS.fits,False,True
NGC4321,SN2006X,185.72488194444443,15.809006481481482,1593.6870431673428,1334.0665143351644,Ia,-0.3192859,653.7340413781637,214.79265261232624,192.23003479227665,/home/mayker.1/Desktop/SNeHaLargeData/HaSUB_wcomb_corr/NGC4321_Hasub_flux_corrs.fits,1.16,/data/fourier/sun.1608/PHANGS/MUSE/DR2.1/MUSEDAP/copt/NGC4321-1.16asec_MAPS.fits,False,True
NGC4321,SN1959E,185.74543194444445,15.816989814814816,1294.09699704579,1455.1265143720866,I,1.8478534,297.8328298271027,358.4935857458107,1267.1885378564093,/home/mayker.1/Desktop/SNeHaLargeData/HaSUB_wcomb_corr/NGC4321_Hasub_flux_corrs.fits,1.16,/data/fourier/sun.1608/PHANGS/MUSE/DR2.1/MUSEDAP/copt/NGC4321-1.16asec_MAPS.fits,False,True
NGC4321,SN2020oi,185.72892708333336,15.8236125,1534.761052997933,1555.416071038866,Ic,34.89857,583.6685490767559,477.69842475534944,20132.40854565195,/home/mayker.1/Desktop/SNeHaLargeData/HaSUB_wcomb_corr/NGC4321_Hasub_flux_corrs.fits,1.16,/data/fourier/sun.1608/PHANGS/MUSE/DR2.1/MUSEDAP/copt/NGC4321-1.16asec_MAPS.fits,False,True
NGC4321,SN2019ehk,185.73393055555553,15.826070370370369,1461.8231958410274,1592.6808703794022,Ib,-0.12679927,497.01876121421765,521.9387800195145,270.51022196339994,/home/mayker.1/Desktop/SNeHaLargeData/HaSUB_wcomb_corr/NGC4321_Hasub_flux_corrs.fits,1.16,/data/fourier/sun.1608/PHANGS/MUSE/DR2.1/MUSEDAP/copt/NGC4321-1.16asec_MAPS.fits,False,True
NGC4321,PTSS-19clju,185.73407,15.826055,1459.7901352669974,1592.448502816314,unclassified,1.0584087,494.6039059713586,521.6621063526735,265.2989619893281,/home/mayker.1/Desktop/SNeHaLargeData/HaSUB_wcomb_corr/NGC4321_Hasub_flux_corrs.fits,1.16,/data/fourier/sun.1608/PHANGS/MUSE/DR2.1/MUSEDAP/copt/NGC4321-1.16asec_MAPS.fits,True,False
NGC4321,SN1914A,185.73604166666667,15.791805555555555,1430.900436475453,1073.4500876197974,unclassified,0.3225126,,,,/home/mayker.1/Desktop/SNeHaLargeData/HaSUB_wcomb_corr/NGC4321_Hasub_flux_corrs.fits,1.16,/data/fourier/sun.1608/PHANGS/MUSE/DR2.1/MUSEDAP/copt/NGC4321-1.16asec_MAPS.fits,False,False
NGC4321,SN1979C,185.74422222222222,15.797765277777778,1311.6424623703506,1163.797662807318,II,2.3315406,318.76753840358924,12.450869989557305,nan,/home/mayker.1/Desktop/SNeHaLargeData/HaSUB_wcomb_corr/NGC4321_Hasub_flux_corrs.fits,1.16,/data/fourier/sun.1608/PHANGS/MUSE/DR2.1/MUSEDAP/copt/NGC4321-1.16asec_MAPS.fits,False,False
NGC4496A,SN1988M,187.92059375000002,3.922786666666666,742.9888124129284,595.3248731735425,II,1.4810797,,,,/home/mayker.1/Desktop/SNeHaLargeData/HaSUB_wcomb_corr/NGC4496A_Hasub_flux_corrs.fits,,,False,False
NGC4496A,SN1960F,187.92522222222223,3.9466111111111113,673.0408874171619,956.3887023003158,Ia,0.08794757,,,,/home/mayker.1/Desktop/SNeHaLargeData/HaSUB_wcomb_corr/NGC4496A_Hasub_flux_corrs.fits,,,False,False
NGC4535,AT2020qwi,188.45333333333335,8.166277777777777,4022.7152236958814,1573.5537346982514,Candidate,0.33661184,,,,/home/mayker.1/Desktop/SNeHaLargeData/HaSUB_wcomb_corr/NGC4535_Hasub_flux_corrs.fits,0.56,/data/fourier/sun.1608/PHANGS/MUSE/DR2.1/MUSEDAP/copt/NGC4535-0.56asec_MAPS.fits,True,False
NGC4540,SN2001Z,188.73279166666669,15.56875,248.2832050375166,810.5737968154358,II,0.14385411,,,,/home/mayker.1/Desktop/SNeHaLargeData/HaSUB_wcomb_corr/NGC4540_Hasub_flux_corrs.fits,,,False,False
NGC4569,AT2021dgs,189.20860833333333,13.27838888888889,2283.7957602360784,4048.724648531877,Candidate,-0.26653755,,,,/home/mayker.1/Desktop/SNeHaLargeData/HaSUB_wcomb_corr/NGC4569_Hasub_flux_corrs.fits,,,True,False
NGC4569,COVET-090220F,189.07716666666667,13.247194444444444,4222.628996946725,3575.897797392368,unclassified,-0.20874038,,,,/home/mayker.1/Desktop/SNeHaLargeData/HaSUB_wcomb_corr/NGC4569_Hasub_flux_corrs.fits,,,False,False
NGC4569,PTF13bdl,189.23391666666666,13.129305555555556,1909.6093998444371,1789.5119187751075,unclassified,-0.69260997,,,,/home/mayker.1/Desktop/SNeHaLargeData/HaSUB_wcomb_corr/NGC4569_Hasub_flux_corrs.fits,,,False,False
NGC4571,PSNJ12364391+1416186,189.18291666666667,14.271833333333333,1661.6926518307346,1723.4371226951607,unclassified,-0.23887062,,,,/home/mayker.1/Desktop/SNeHaLargeData/HaSUB_wcomb_corr/NGC4571_Hasub_flux_corrs.fits,,,False,False
NGC6744,SN2005at,287.4732777777778,-63.82312037037037,3720.2351509629934,4471.392323277116,Ic,2.962026,,,,/home/mayker.1/Desktop/SNeHaLargeData/HaSUB_wcomb_corr/NGC6744_Hasub_flux_corrs.fits,,,False,False
NGC6744,Gaia21cum,287.049,-63.725300000000004,6565.444460729574,5951.109879084548,unclassified,nan,,,,/home/mayker.1/Desktop/SNeHaLargeData/HaSUB_wcomb_corr/NGC6744_Hasub_flux_corrs.fits,,,True,False
